FirstName,LastName,Email,PhoneNumber,Password,IsAtRisk,IsVolunteer,IsRepresentative
Natalie,Graser,ngras001@odu.edu,1234567890,password,true,false,false
Ron, Weasley, weasley@odu.edu,1234567890,weasleypass,false,true,false
Hermione, Granger, granger@odu.edu,1233456789,grangerpass,false,false,true
Harry,Potter, potter@odu.edu, 7517778245,potterpass,true,false,false
Draco,Malfoy,malfoy@odu.edu,7571234567,malfoypass,false,true,false
Albus,Dumbledore,dumbledore@odu.edu,5431237778,dumbledorepass,false,false,true
Severus,Snape,snape@odu.edu,7174562331,severuspass,false,false,true
Dobby,Elf,elf@odu.edu,8776541229,dobbypass,false,false,true
Minerva,McGonagall,minerva@odu.edu,3415678997,minervapass,false,false,true